{
  "hash": "91c2943c",
  "configHash": "edb77a46",
  "lockfileHash": "ff588219",
  "browserHash": "4cae38b0",
  "optimized": {
    "@angular/core": {
      "src": "../../../../../../node_modules/@angular/core/fesm2022/core.mjs",
      "file": "@angular_core.js",
      "fileHash": "e5cbe7bf",
      "needsInterop": false
    },
    "@angular/platform-browser": {
      "src": "../../../../../../node_modules/@angular/platform-browser/fesm2022/platform-browser.mjs",
      "file": "@angular_platform-browser.js",
      "fileHash": "db23bdac",
      "needsInterop": false
    },
    "@angular/platform-server/init": {
      "src": "../../../../../../node_modules/@angular/platform-server/fesm2022/init.mjs",
      "file": "@angular_platform-server_init.js",
      "fileHash": "e4756bf9",
      "needsInterop": false
    },
    "@angular/router": {
      "src": "../../../../../../node_modules/@angular/router/fesm2022/router.mjs",
      "file": "@angular_router.js",
      "fileHash": "4e430603",
      "needsInterop": false
    },
    "@angular/ssr": {
      "src": "../../../../../../node_modules/@angular/ssr/fesm2022/ssr.mjs",
      "file": "@angular_ssr.js",
      "fileHash": "abce96cd",
      "needsInterop": false
    },
    "@angular/ssr/node": {
      "src": "../../../../../../node_modules/@angular/ssr/fesm2022/node.mjs",
      "file": "@angular_ssr_node.js",
      "fileHash": "9e8d3beb",
      "needsInterop": false
    },
    "express": {
      "src": "../../../../../../node_modules/express/index.js",
      "file": "express.js",
      "fileHash": "2019d7fc",
      "needsInterop": true
    },
    "@angular/common/http": {
      "src": "../../../../../../node_modules/@angular/common/fesm2022/http.mjs",
      "file": "@angular_common_http.js",
      "fileHash": "86e1a4c7",
      "needsInterop": false
    },
    "@angular/common": {
      "src": "../../../../../../node_modules/@angular/common/fesm2022/common.mjs",
      "file": "@angular_common.js",
      "fileHash": "f5264f18",
      "needsInterop": false
    }
  },
  "chunks": {
    "xhr2-E5RTESSH": {
      "file": "xhr2-E5RTESSH.js"
    },
    "chunk-ZXW63Y52": {
      "file": "chunk-ZXW63Y52.js"
    },
    "chunk-7PZEWR2J": {
      "file": "chunk-7PZEWR2J.js"
    },
    "chunk-GMAXGAXM": {
      "file": "chunk-GMAXGAXM.js"
    },
    "chunk-L3JOR4S4": {
      "file": "chunk-L3JOR4S4.js"
    },
    "chunk-YP27K3CD": {
      "file": "chunk-YP27K3CD.js"
    },
    "chunk-AWTC2KQO": {
      "file": "chunk-AWTC2KQO.js"
    },
    "chunk-OU2B74ND": {
      "file": "chunk-OU2B74ND.js"
    },
    "chunk-6DU2HRTW": {
      "file": "chunk-6DU2HRTW.js"
    }
  }
}