{
  "hash": "fc833ed5",
  "configHash": "8c920c6a",
  "lockfileHash": "5514087a",
  "browserHash": "8ff766a9",
  "optimized": {
    "@angular/common": {
      "src": "../../../../../../node_modules/@angular/common/fesm2022/common.mjs",
      "file": "@angular_common.js",
      "fileHash": "45cf70e1",
      "needsInterop": false
    },
    "@angular/common/http": {
      "src": "../../../../../../node_modules/@angular/common/fesm2022/http.mjs",
      "file": "@angular_common_http.js",
      "fileHash": "49e8e97c",
      "needsInterop": false
    },
    "@angular/core": {
      "src": "../../../../../../node_modules/@angular/core/fesm2022/core.mjs",
      "file": "@angular_core.js",
      "fileHash": "67caf170",
      "needsInterop": false
    },
    "@angular/platform-browser": {
      "src": "../../../../../../node_modules/@angular/platform-browser/fesm2022/platform-browser.mjs",
      "file": "@angular_platform-browser.js",
      "fileHash": "94f7d563",
      "needsInterop": false
    },
    "@angular/platform-server/init": {
      "src": "../../../../../../node_modules/@angular/platform-server/fesm2022/init.mjs",
      "file": "@angular_platform-server_init.js",
      "fileHash": "327d011d",
      "needsInterop": false
    },
    "@angular/router": {
      "src": "../../../../../../node_modules/@angular/router/fesm2022/router.mjs",
      "file": "@angular_router.js",
      "fileHash": "ac65dc8f",
      "needsInterop": false
    },
    "@angular/ssr": {
      "src": "../../../../../../node_modules/@angular/ssr/fesm2022/ssr.mjs",
      "file": "@angular_ssr.js",
      "fileHash": "3acdd257",
      "needsInterop": false
    },
    "@angular/ssr/node": {
      "src": "../../../../../../node_modules/@angular/ssr/fesm2022/node.mjs",
      "file": "@angular_ssr_node.js",
      "fileHash": "8364a137",
      "needsInterop": false
    },
    "echarts/charts": {
      "src": "../../../../../../node_modules/echarts/charts.js",
      "file": "echarts_charts.js",
      "fileHash": "1b9e5bb7",
      "needsInterop": false
    },
    "echarts/components": {
      "src": "../../../../../../node_modules/echarts/components.js",
      "file": "echarts_components.js",
      "fileHash": "daf909dd",
      "needsInterop": false
    },
    "echarts/core": {
      "src": "../../../../../../node_modules/echarts/core.js",
      "file": "echarts_core.js",
      "fileHash": "4395ffe8",
      "needsInterop": false
    },
    "echarts/renderers": {
      "src": "../../../../../../node_modules/echarts/renderers.js",
      "file": "echarts_renderers.js",
      "fileHash": "01b9ac57",
      "needsInterop": false
    },
    "express": {
      "src": "../../../../../../node_modules/express/index.js",
      "file": "express.js",
      "fileHash": "ef57c8f1",
      "needsInterop": true
    },
    "ngx-echarts": {
      "src": "../../../../../../node_modules/ngx-echarts/fesm2022/ngx-echarts.mjs",
      "file": "ngx-echarts.js",
      "fileHash": "67b41a0f",
      "needsInterop": false
    }
  },
  "chunks": {
    "chunk-CDLCGD3M": {
      "file": "chunk-CDLCGD3M.js"
    },
    "xhr2-HRNNOUCA": {
      "file": "xhr2-HRNNOUCA.js"
    },
    "chunk-F3XXDAPM": {
      "file": "chunk-F3XXDAPM.js"
    },
    "chunk-S5LGUYFP": {
      "file": "chunk-S5LGUYFP.js"
    },
    "chunk-KXW5NPIB": {
      "file": "chunk-KXW5NPIB.js"
    },
    "chunk-DEPD4ECF": {
      "file": "chunk-DEPD4ECF.js"
    },
    "chunk-E6QP676J": {
      "file": "chunk-E6QP676J.js"
    },
    "chunk-AWTC2KQO": {
      "file": "chunk-AWTC2KQO.js"
    },
    "chunk-UBTONT6L": {
      "file": "chunk-UBTONT6L.js"
    },
    "chunk-5CPK26GO": {
      "file": "chunk-5CPK26GO.js"
    },
    "chunk-KC7Q6BUU": {
      "file": "chunk-KC7Q6BUU.js"
    },
    "chunk-IZUPAP4S": {
      "file": "chunk-IZUPAP4S.js"
    },
    "chunk-3EVLEYEM": {
      "file": "chunk-3EVLEYEM.js"
    }
  }
}