{
  "hash": "b15ae3cf",
  "configHash": "2f51fc7f",
  "lockfileHash": "5514087a",
  "browserHash": "42121cac",
  "optimized": {
    "@angular/common": {
      "src": "../../../../../../node_modules/@angular/common/fesm2022/common.mjs",
      "file": "@angular_common.js",
      "fileHash": "63ba1005",
      "needsInterop": false
    },
    "@angular/common/http": {
      "src": "../../../../../../node_modules/@angular/common/fesm2022/http.mjs",
      "file": "@angular_common_http.js",
      "fileHash": "24191af7",
      "needsInterop": false
    },
    "@angular/core": {
      "src": "../../../../../../node_modules/@angular/core/fesm2022/core.mjs",
      "file": "@angular_core.js",
      "fileHash": "fafe2077",
      "needsInterop": false
    },
    "@angular/platform-browser": {
      "src": "../../../../../../node_modules/@angular/platform-browser/fesm2022/platform-browser.mjs",
      "file": "@angular_platform-browser.js",
      "fileHash": "010ab379",
      "needsInterop": false
    },
    "@angular/platform-server/init": {
      "src": "../../../../../../node_modules/@angular/platform-server/fesm2022/init.mjs",
      "file": "@angular_platform-server_init.js",
      "fileHash": "b947ed8a",
      "needsInterop": false
    },
    "@angular/router": {
      "src": "../../../../../../node_modules/@angular/router/fesm2022/router.mjs",
      "file": "@angular_router.js",
      "fileHash": "8ad5a4fb",
      "needsInterop": false
    },
    "@angular/ssr": {
      "src": "../../../../../../node_modules/@angular/ssr/fesm2022/ssr.mjs",
      "file": "@angular_ssr.js",
      "fileHash": "bcc900b0",
      "needsInterop": false
    },
    "@angular/ssr/node": {
      "src": "../../../../../../node_modules/@angular/ssr/fesm2022/node.mjs",
      "file": "@angular_ssr_node.js",
      "fileHash": "ec7c9b7e",
      "needsInterop": false
    },
    "echarts/charts": {
      "src": "../../../../../../node_modules/echarts/charts.js",
      "file": "echarts_charts.js",
      "fileHash": "e5132a18",
      "needsInterop": false
    },
    "echarts/components": {
      "src": "../../../../../../node_modules/echarts/components.js",
      "file": "echarts_components.js",
      "fileHash": "55cd7501",
      "needsInterop": false
    },
    "echarts/core": {
      "src": "../../../../../../node_modules/echarts/core.js",
      "file": "echarts_core.js",
      "fileHash": "418aa00e",
      "needsInterop": false
    },
    "echarts/renderers": {
      "src": "../../../../../../node_modules/echarts/renderers.js",
      "file": "echarts_renderers.js",
      "fileHash": "9482fe91",
      "needsInterop": false
    },
    "express": {
      "src": "../../../../../../node_modules/express/index.js",
      "file": "express.js",
      "fileHash": "cf38f7b5",
      "needsInterop": true
    },
    "ngx-echarts": {
      "src": "../../../../../../node_modules/ngx-echarts/fesm2022/ngx-echarts.mjs",
      "file": "ngx-echarts.js",
      "fileHash": "3cc6f1f4",
      "needsInterop": false
    }
  },
  "chunks": {
    "xhr2-HRNNOUCA": {
      "file": "xhr2-HRNNOUCA.js"
    },
    "chunk-RBO37PGY": {
      "file": "chunk-RBO37PGY.js"
    },
    "chunk-RHVIIDY2": {
      "file": "chunk-RHVIIDY2.js"
    },
    "chunk-NKJAU6T6": {
      "file": "chunk-NKJAU6T6.js"
    },
    "chunk-O42275BI": {
      "file": "chunk-O42275BI.js"
    },
    "chunk-E6QP676J": {
      "file": "chunk-E6QP676J.js"
    },
    "chunk-DEPD4ECF": {
      "file": "chunk-DEPD4ECF.js"
    },
    "chunk-AWTC2KQO": {
      "file": "chunk-AWTC2KQO.js"
    },
    "chunk-UBTONT6L": {
      "file": "chunk-UBTONT6L.js"
    },
    "chunk-UDKVPTEO": {
      "file": "chunk-UDKVPTEO.js"
    },
    "chunk-ICK4ESJ5": {
      "file": "chunk-ICK4ESJ5.js"
    },
    "chunk-PXWZ3YZM": {
      "file": "chunk-PXWZ3YZM.js"
    },
    "chunk-3EVLEYEM": {
      "file": "chunk-3EVLEYEM.js"
    }
  }
}