{
  "hash": "d235bf65",
  "configHash": "58daaf6e",
  "lockfileHash": "cff8f46e",
  "browserHash": "49106ea5",
  "optimized": {
    "@angular/common": {
      "src": "../../../../../../node_modules/@angular/common/fesm2022/common.mjs",
      "file": "@angular_common.js",
      "fileHash": "cbe2a5f3",
      "needsInterop": false
    },
    "@angular/common/http": {
      "src": "../../../../../../node_modules/@angular/common/fesm2022/http.mjs",
      "file": "@angular_common_http.js",
      "fileHash": "3fd6f301",
      "needsInterop": false
    },
    "@angular/core": {
      "src": "../../../../../../node_modules/@angular/core/fesm2022/core.mjs",
      "file": "@angular_core.js",
      "fileHash": "4702d950",
      "needsInterop": false
    },
    "@angular/forms": {
      "src": "../../../../../../node_modules/@angular/forms/fesm2022/forms.mjs",
      "file": "@angular_forms.js",
      "fileHash": "a0e8ac4d",
      "needsInterop": false
    },
    "@angular/platform-browser": {
      "src": "../../../../../../node_modules/@angular/platform-browser/fesm2022/platform-browser.mjs",
      "file": "@angular_platform-browser.js",
      "fileHash": "3889778d",
      "needsInterop": false
    },
    "@angular/router": {
      "src": "../../../../../../node_modules/@angular/router/fesm2022/router.mjs",
      "file": "@angular_router.js",
      "fileHash": "790ef851",
      "needsInterop": false
    },
    "echarts/charts": {
      "src": "../../../../../../node_modules/echarts/charts.js",
      "file": "echarts_charts.js",
      "fileHash": "c132f715",
      "needsInterop": false
    },
    "echarts/components": {
      "src": "../../../../../../node_modules/echarts/components.js",
      "file": "echarts_components.js",
      "fileHash": "ec591be8",
      "needsInterop": false
    },
    "echarts/core": {
      "src": "../../../../../../node_modules/echarts/core.js",
      "file": "echarts_core.js",
      "fileHash": "72e338ac",
      "needsInterop": false
    },
    "echarts/renderers": {
      "src": "../../../../../../node_modules/echarts/renderers.js",
      "file": "echarts_renderers.js",
      "fileHash": "c13b72bf",
      "needsInterop": false
    },
    "flatpickr": {
      "src": "../../../../../../node_modules/flatpickr/dist/esm/index.js",
      "file": "flatpickr.js",
      "fileHash": "c88113e0",
      "needsInterop": false
    },
    "ngx-echarts": {
      "src": "../../../../../../node_modules/ngx-echarts/fesm2022/ngx-echarts.mjs",
      "file": "ngx-echarts.js",
      "fileHash": "b7e64e2f",
      "needsInterop": false
    },
    "zone.js": {
      "src": "../../../../../../node_modules/zone.js/fesm2015/zone.js",
      "file": "zone__js.js",
      "fileHash": "6e5d9e0a",
      "needsInterop": true
    }
  },
  "chunks": {
    "chunk-5AL3Q43M": {
      "file": "chunk-5AL3Q43M.js"
    },
    "chunk-EQB33ICH": {
      "file": "chunk-EQB33ICH.js"
    },
    "chunk-YFBRTCQR": {
      "file": "chunk-YFBRTCQR.js"
    },
    "chunk-CYIUJTKM": {
      "file": "chunk-CYIUJTKM.js"
    },
    "chunk-JWGTIK5J": {
      "file": "chunk-JWGTIK5J.js"
    },
    "chunk-LMQ2OGDO": {
      "file": "chunk-LMQ2OGDO.js"
    },
    "chunk-W65HOTBF": {
      "file": "chunk-W65HOTBF.js"
    },
    "chunk-DNIZXC5G": {
      "file": "chunk-DNIZXC5G.js"
    },
    "chunk-NS3AU3OE": {
      "file": "chunk-NS3AU3OE.js"
    },
    "chunk-XWLXMCJQ": {
      "file": "chunk-XWLXMCJQ.js"
    }
  }
}