{
  "hash": "a2eaf793",
  "configHash": "964e8e16",
  "lockfileHash": "5a110aee",
  "browserHash": "eb9db1f7",
  "optimized": {
    "@angular/common": {
      "src": "../../../../../../node_modules/@angular/common/fesm2022/common.mjs",
      "file": "@angular_common.js",
      "fileHash": "0ab12cc7",
      "needsInterop": false
    },
    "@angular/common/http": {
      "src": "../../../../../../node_modules/@angular/common/fesm2022/http.mjs",
      "file": "@angular_common_http.js",
      "fileHash": "d8074648",
      "needsInterop": false
    },
    "@angular/core": {
      "src": "../../../../../../node_modules/@angular/core/fesm2022/core.mjs",
      "file": "@angular_core.js",
      "fileHash": "8eaa3b6f",
      "needsInterop": false
    },
    "@angular/forms": {
      "src": "../../../../../../node_modules/@angular/forms/fesm2022/forms.mjs",
      "file": "@angular_forms.js",
      "fileHash": "bfc9b159",
      "needsInterop": false
    },
    "@angular/platform-browser": {
      "src": "../../../../../../node_modules/@angular/platform-browser/fesm2022/platform-browser.mjs",
      "file": "@angular_platform-browser.js",
      "fileHash": "990a0f9e",
      "needsInterop": false
    },
    "@angular/platform-browser/animations": {
      "src": "../../../../../../node_modules/@angular/platform-browser/fesm2022/animations.mjs",
      "file": "@angular_platform-browser_animations.js",
      "fileHash": "9b2b933a",
      "needsInterop": false
    },
    "@angular/router": {
      "src": "../../../../../../node_modules/@angular/router/fesm2022/router.mjs",
      "file": "@angular_router.js",
      "fileHash": "5e886dd7",
      "needsInterop": false
    },
    "@primeuix/themes/aura": {
      "src": "../../../../../../node_modules/@primeuix/themes/dist/aura/index.mjs",
      "file": "@primeuix_themes_aura.js",
      "fileHash": "dd92d73b",
      "needsInterop": false
    },
    "echarts/charts": {
      "src": "../../../../../../node_modules/echarts/charts.js",
      "file": "echarts_charts.js",
      "fileHash": "3d9397fe",
      "needsInterop": false
    },
    "echarts/components": {
      "src": "../../../../../../node_modules/echarts/components.js",
      "file": "echarts_components.js",
      "fileHash": "6ed74226",
      "needsInterop": false
    },
    "echarts/core": {
      "src": "../../../../../../node_modules/echarts/core.js",
      "file": "echarts_core.js",
      "fileHash": "e71a2211",
      "needsInterop": false
    },
    "echarts/renderers": {
      "src": "../../../../../../node_modules/echarts/renderers.js",
      "file": "echarts_renderers.js",
      "fileHash": "c404378f",
      "needsInterop": false
    },
    "flatpickr": {
      "src": "../../../../../../node_modules/flatpickr/dist/esm/index.js",
      "file": "flatpickr.js",
      "fileHash": "0cf14e28",
      "needsInterop": false
    },
    "ngx-echarts": {
      "src": "../../../../../../node_modules/ngx-echarts/fesm2022/ngx-echarts.mjs",
      "file": "ngx-echarts.js",
      "fileHash": "29a622e7",
      "needsInterop": false
    },
    "primeng/api": {
      "src": "../../../../../../node_modules/primeng/fesm2022/primeng-api.mjs",
      "file": "primeng_api.js",
      "fileHash": "538771ff",
      "needsInterop": false
    },
    "primeng/button": {
      "src": "../../../../../../node_modules/primeng/fesm2022/primeng-button.mjs",
      "file": "primeng_button.js",
      "fileHash": "13318816",
      "needsInterop": false
    },
    "primeng/config": {
      "src": "../../../../../../node_modules/primeng/fesm2022/primeng-config.mjs",
      "file": "primeng_config.js",
      "fileHash": "3314a670",
      "needsInterop": false
    },
    "primeng/select": {
      "src": "../../../../../../node_modules/primeng/fesm2022/primeng-select.mjs",
      "file": "primeng_select.js",
      "fileHash": "3a37caf0",
      "needsInterop": false
    },
    "zone.js": {
      "src": "../../../../../../node_modules/zone.js/fesm2015/zone.js",
      "file": "zone__js.js",
      "fileHash": "0b21aa4a",
      "needsInterop": true
    }
  },
  "chunks": {
    "chunk-H7R66J5O": {
      "file": "chunk-H7R66J5O.js"
    },
    "chunk-MBXO3NKO": {
      "file": "chunk-MBXO3NKO.js"
    },
    "chunk-2EAFME6V": {
      "file": "chunk-2EAFME6V.js"
    },
    "chunk-NJRGDI66": {
      "file": "chunk-NJRGDI66.js"
    },
    "chunk-7EQQS56O": {
      "file": "chunk-7EQQS56O.js"
    },
    "chunk-LMQ2OGDO": {
      "file": "chunk-LMQ2OGDO.js"
    },
    "chunk-U6Q3WUNY": {
      "file": "chunk-U6Q3WUNY.js"
    },
    "chunk-YFBRTCQR": {
      "file": "chunk-YFBRTCQR.js"
    },
    "chunk-4YBYWSJP": {
      "file": "chunk-4YBYWSJP.js"
    },
    "chunk-EQB33ICH": {
      "file": "chunk-EQB33ICH.js"
    },
    "chunk-CYIUJTKM": {
      "file": "chunk-CYIUJTKM.js"
    },
    "chunk-DNIZXC5G": {
      "file": "chunk-DNIZXC5G.js"
    },
    "chunk-JWGTIK5J": {
      "file": "chunk-JWGTIK5J.js"
    },
    "chunk-W65HOTBF": {
      "file": "chunk-W65HOTBF.js"
    },
    "chunk-NS3AU3OE": {
      "file": "chunk-NS3AU3OE.js"
    },
    "chunk-XWLXMCJQ": {
      "file": "chunk-XWLXMCJQ.js"
    }
  }
}