{
  "hash": "a2eaf793",
  "configHash": "964e8e16",
  "lockfileHash": "5a110aee",
  "browserHash": "eb9db1f7",
  "optimized": {
    "@angular/common": {
      "src": "../../../../../../node_modules/@angular/common/fesm2022/common.mjs",
      "file": "@angular_common.js",
      "fileHash": "c787f74c",
      "needsInterop": false
    },
    "@angular/common/http": {
      "src": "../../../../../../node_modules/@angular/common/fesm2022/http.mjs",
      "file": "@angular_common_http.js",
      "fileHash": "1c86a2d6",
      "needsInterop": false
    },
    "@angular/core": {
      "src": "../../../../../../node_modules/@angular/core/fesm2022/core.mjs",
      "file": "@angular_core.js",
      "fileHash": "e075cbb3",
      "needsInterop": false
    },
    "@angular/forms": {
      "src": "../../../../../../node_modules/@angular/forms/fesm2022/forms.mjs",
      "file": "@angular_forms.js",
      "fileHash": "41015bb6",
      "needsInterop": false
    },
    "@angular/platform-browser": {
      "src": "../../../../../../node_modules/@angular/platform-browser/fesm2022/platform-browser.mjs",
      "file": "@angular_platform-browser.js",
      "fileHash": "c823555c",
      "needsInterop": false
    },
    "@angular/platform-browser/animations": {
      "src": "../../../../../../node_modules/@angular/platform-browser/fesm2022/animations.mjs",
      "file": "@angular_platform-browser_animations.js",
      "fileHash": "168e3003",
      "needsInterop": false
    },
    "@angular/router": {
      "src": "../../../../../../node_modules/@angular/router/fesm2022/router.mjs",
      "file": "@angular_router.js",
      "fileHash": "174ff2e7",
      "needsInterop": false
    },
    "@primeuix/themes/aura": {
      "src": "../../../../../../node_modules/@primeuix/themes/dist/aura/index.mjs",
      "file": "@primeuix_themes_aura.js",
      "fileHash": "cc34ef09",
      "needsInterop": false
    },
    "echarts/charts": {
      "src": "../../../../../../node_modules/echarts/charts.js",
      "file": "echarts_charts.js",
      "fileHash": "1b53b117",
      "needsInterop": false
    },
    "echarts/components": {
      "src": "../../../../../../node_modules/echarts/components.js",
      "file": "echarts_components.js",
      "fileHash": "06b7b1b8",
      "needsInterop": false
    },
    "echarts/core": {
      "src": "../../../../../../node_modules/echarts/core.js",
      "file": "echarts_core.js",
      "fileHash": "06c8632f",
      "needsInterop": false
    },
    "echarts/renderers": {
      "src": "../../../../../../node_modules/echarts/renderers.js",
      "file": "echarts_renderers.js",
      "fileHash": "f32db9ad",
      "needsInterop": false
    },
    "flatpickr": {
      "src": "../../../../../../node_modules/flatpickr/dist/esm/index.js",
      "file": "flatpickr.js",
      "fileHash": "ecec6150",
      "needsInterop": false
    },
    "ngx-echarts": {
      "src": "../../../../../../node_modules/ngx-echarts/fesm2022/ngx-echarts.mjs",
      "file": "ngx-echarts.js",
      "fileHash": "8e21ecdd",
      "needsInterop": false
    },
    "primeng/api": {
      "src": "../../../../../../node_modules/primeng/fesm2022/primeng-api.mjs",
      "file": "primeng_api.js",
      "fileHash": "82076aa7",
      "needsInterop": false
    },
    "primeng/button": {
      "src": "../../../../../../node_modules/primeng/fesm2022/primeng-button.mjs",
      "file": "primeng_button.js",
      "fileHash": "cfc65fb1",
      "needsInterop": false
    },
    "primeng/config": {
      "src": "../../../../../../node_modules/primeng/fesm2022/primeng-config.mjs",
      "file": "primeng_config.js",
      "fileHash": "ffa9b91b",
      "needsInterop": false
    },
    "primeng/select": {
      "src": "../../../../../../node_modules/primeng/fesm2022/primeng-select.mjs",
      "file": "primeng_select.js",
      "fileHash": "99077d35",
      "needsInterop": false
    },
    "zone.js": {
      "src": "../../../../../../node_modules/zone.js/fesm2015/zone.js",
      "file": "zone__js.js",
      "fileHash": "5bf5a3dc",
      "needsInterop": true
    }
  },
  "chunks": {
    "chunk-SPXT4HYI": {
      "file": "chunk-SPXT4HYI.js"
    },
    "chunk-H7R66J5O": {
      "file": "chunk-H7R66J5O.js"
    },
    "chunk-MBXO3NKO": {
      "file": "chunk-MBXO3NKO.js"
    },
    "chunk-2EAFME6V": {
      "file": "chunk-2EAFME6V.js"
    },
    "chunk-NJRGDI66": {
      "file": "chunk-NJRGDI66.js"
    },
    "chunk-7EQQS56O": {
      "file": "chunk-7EQQS56O.js"
    },
    "chunk-U6Q3WUNY": {
      "file": "chunk-U6Q3WUNY.js"
    },
    "chunk-YFBRTCQR": {
      "file": "chunk-YFBRTCQR.js"
    },
    "chunk-4YBYWSJP": {
      "file": "chunk-4YBYWSJP.js"
    },
    "chunk-EQB33ICH": {
      "file": "chunk-EQB33ICH.js"
    },
    "chunk-CYIUJTKM": {
      "file": "chunk-CYIUJTKM.js"
    },
    "chunk-DNIZXC5G": {
      "file": "chunk-DNIZXC5G.js"
    },
    "chunk-VTNXV56T": {
      "file": "chunk-VTNXV56T.js"
    },
    "chunk-K32WDRSA": {
      "file": "chunk-K32WDRSA.js"
    },
    "chunk-6WTAGRMP": {
      "file": "chunk-6WTAGRMP.js"
    },
    "chunk-XWLXMCJQ": {
      "file": "chunk-XWLXMCJQ.js"
    }
  }
}