{
  "hash": "2a00424d",
  "configHash": "c4e58c5f",
  "lockfileHash": "5514087a",
  "browserHash": "709d5d93",
  "optimized": {
    "@angular/common": {
      "src": "../../../../../../node_modules/@angular/common/fesm2022/common.mjs",
      "file": "@angular_common.js",
      "fileHash": "cd80413a",
      "needsInterop": false
    },
    "@angular/common/http": {
      "src": "../../../../../../node_modules/@angular/common/fesm2022/http.mjs",
      "file": "@angular_common_http.js",
      "fileHash": "2d2d330d",
      "needsInterop": false
    },
    "@angular/core": {
      "src": "../../../../../../node_modules/@angular/core/fesm2022/core.mjs",
      "file": "@angular_core.js",
      "fileHash": "9326cfd3",
      "needsInterop": false
    },
    "@angular/platform-browser": {
      "src": "../../../../../../node_modules/@angular/platform-browser/fesm2022/platform-browser.mjs",
      "file": "@angular_platform-browser.js",
      "fileHash": "54171dbd",
      "needsInterop": false
    },
    "@angular/router": {
      "src": "../../../../../../node_modules/@angular/router/fesm2022/router.mjs",
      "file": "@angular_router.js",
      "fileHash": "6d81ef07",
      "needsInterop": false
    },
    "echarts/charts": {
      "src": "../../../../../../node_modules/echarts/charts.js",
      "file": "echarts_charts.js",
      "fileHash": "db06e733",
      "needsInterop": false
    },
    "echarts/components": {
      "src": "../../../../../../node_modules/echarts/components.js",
      "file": "echarts_components.js",
      "fileHash": "1ce1d580",
      "needsInterop": false
    },
    "echarts/core": {
      "src": "../../../../../../node_modules/echarts/core.js",
      "file": "echarts_core.js",
      "fileHash": "72e2872e",
      "needsInterop": false
    },
    "echarts/renderers": {
      "src": "../../../../../../node_modules/echarts/renderers.js",
      "file": "echarts_renderers.js",
      "fileHash": "f14eba9a",
      "needsInterop": false
    },
    "ngx-echarts": {
      "src": "../../../../../../node_modules/ngx-echarts/fesm2022/ngx-echarts.mjs",
      "file": "ngx-echarts.js",
      "fileHash": "c833f725",
      "needsInterop": false
    }
  },
  "chunks": {
    "chunk-EYBCPHBW": {
      "file": "chunk-EYBCPHBW.js"
    },
    "chunk-KEH244RX": {
      "file": "chunk-KEH244RX.js"
    },
    "chunk-LHPHNH6S": {
      "file": "chunk-LHPHNH6S.js"
    },
    "chunk-OFAYC3L3": {
      "file": "chunk-OFAYC3L3.js"
    },
    "chunk-EL4242FT": {
      "file": "chunk-EL4242FT.js"
    },
    "chunk-HAEO2WOC": {
      "file": "chunk-HAEO2WOC.js"
    },
    "chunk-TSZJEVQT": {
      "file": "chunk-TSZJEVQT.js"
    },
    "chunk-CYIUJTKM": {
      "file": "chunk-CYIUJTKM.js"
    },
    "chunk-L67KWZBM": {
      "file": "chunk-L67KWZBM.js"
    },
    "chunk-653SOEEV": {
      "file": "chunk-653SOEEV.js"
    }
  }
}