{
  "hash": "565c7a58",
  "configHash": "3193aea5",
  "lockfileHash": "5514087a",
  "browserHash": "19cdac7a",
  "optimized": {
    "@angular/common": {
      "src": "../../../../../../node_modules/@angular/common/fesm2022/common.mjs",
      "file": "@angular_common.js",
      "fileHash": "2078093b",
      "needsInterop": false
    },
    "@angular/common/http": {
      "src": "../../../../../../node_modules/@angular/common/fesm2022/http.mjs",
      "file": "@angular_common_http.js",
      "fileHash": "fb92eada",
      "needsInterop": false
    },
    "@angular/core": {
      "src": "../../../../../../node_modules/@angular/core/fesm2022/core.mjs",
      "file": "@angular_core.js",
      "fileHash": "5a5cfa7f",
      "needsInterop": false
    },
    "@angular/platform-browser": {
      "src": "../../../../../../node_modules/@angular/platform-browser/fesm2022/platform-browser.mjs",
      "file": "@angular_platform-browser.js",
      "fileHash": "3050617a",
      "needsInterop": false
    },
    "@angular/router": {
      "src": "../../../../../../node_modules/@angular/router/fesm2022/router.mjs",
      "file": "@angular_router.js",
      "fileHash": "0f4e67e7",
      "needsInterop": false
    },
    "echarts/charts": {
      "src": "../../../../../../node_modules/echarts/charts.js",
      "file": "echarts_charts.js",
      "fileHash": "65337436",
      "needsInterop": false
    },
    "echarts/components": {
      "src": "../../../../../../node_modules/echarts/components.js",
      "file": "echarts_components.js",
      "fileHash": "270f592b",
      "needsInterop": false
    },
    "echarts/core": {
      "src": "../../../../../../node_modules/echarts/core.js",
      "file": "echarts_core.js",
      "fileHash": "650a0418",
      "needsInterop": false
    },
    "echarts/renderers": {
      "src": "../../../../../../node_modules/echarts/renderers.js",
      "file": "echarts_renderers.js",
      "fileHash": "8f6ec220",
      "needsInterop": false
    },
    "ngx-echarts": {
      "src": "../../../../../../node_modules/ngx-echarts/fesm2022/ngx-echarts.mjs",
      "file": "ngx-echarts.js",
      "fileHash": "790856e7",
      "needsInterop": false
    }
  },
  "chunks": {
    "chunk-472POTJK": {
      "file": "chunk-472POTJK.js"
    },
    "chunk-TSZJEVQT": {
      "file": "chunk-TSZJEVQT.js"
    },
    "chunk-HAEO2WOC": {
      "file": "chunk-HAEO2WOC.js"
    },
    "chunk-CYIUJTKM": {
      "file": "chunk-CYIUJTKM.js"
    },
    "chunk-QC2GK772": {
      "file": "chunk-QC2GK772.js"
    },
    "chunk-L67KWZBM": {
      "file": "chunk-L67KWZBM.js"
    },
    "chunk-TUGTQU6G": {
      "file": "chunk-TUGTQU6G.js"
    },
    "chunk-SJJGAYQK": {
      "file": "chunk-SJJGAYQK.js"
    },
    "chunk-C3C5XUNR": {
      "file": "chunk-C3C5XUNR.js"
    },
    "chunk-653SOEEV": {
      "file": "chunk-653SOEEV.js"
    }
  }
}