{
  "hash": "aed6703b",
  "configHash": "da92ed12",
  "lockfileHash": "ff588219",
  "browserHash": "65983a09",
  "optimized": {
    "@angular/common/http": {
      "src": "../../../../../../node_modules/@angular/common/fesm2022/http.mjs",
      "file": "@angular_common_http.js",
      "fileHash": "18f8b152",
      "needsInterop": false
    },
    "@angular/core": {
      "src": "../../../../../../node_modules/@angular/core/fesm2022/core.mjs",
      "file": "@angular_core.js",
      "fileHash": "afe7727e",
      "needsInterop": false
    },
    "@angular/platform-browser": {
      "src": "../../../../../../node_modules/@angular/platform-browser/fesm2022/platform-browser.mjs",
      "file": "@angular_platform-browser.js",
      "fileHash": "78828f8f",
      "needsInterop": false
    },
    "@angular/router": {
      "src": "../../../../../../node_modules/@angular/router/fesm2022/router.mjs",
      "file": "@angular_router.js",
      "fileHash": "b976ec73",
      "needsInterop": false
    }
  },
  "chunks": {
    "chunk-MAHCKV5T": {
      "file": "chunk-MAHCKV5T.js"
    },
    "chunk-5M3MWQYJ": {
      "file": "chunk-5M3MWQYJ.js"
    },
    "chunk-SLCSDGIC": {
      "file": "chunk-SLCSDGIC.js"
    }
  }
}