{
  "hash": "851fb435",
  "configHash": "0de3d33c",
  "lockfileHash": "ff588219",
  "browserHash": "a2aa71ad",
  "optimized": {
    "@angular/common": {
      "src": "../../../../../../node_modules/@angular/common/fesm2022/common.mjs",
      "file": "@angular_common.js",
      "fileHash": "e110be4b",
      "needsInterop": false
    },
    "@angular/common/http": {
      "src": "../../../../../../node_modules/@angular/common/fesm2022/http.mjs",
      "file": "@angular_common_http.js",
      "fileHash": "afbe4fc9",
      "needsInterop": false
    },
    "@angular/core": {
      "src": "../../../../../../node_modules/@angular/core/fesm2022/core.mjs",
      "file": "@angular_core.js",
      "fileHash": "f7037e2c",
      "needsInterop": false
    },
    "@angular/platform-browser": {
      "src": "../../../../../../node_modules/@angular/platform-browser/fesm2022/platform-browser.mjs",
      "file": "@angular_platform-browser.js",
      "fileHash": "7713509f",
      "needsInterop": false
    },
    "@angular/router": {
      "src": "../../../../../../node_modules/@angular/router/fesm2022/router.mjs",
      "file": "@angular_router.js",
      "fileHash": "da2bbd6d",
      "needsInterop": false
    }
  },
  "chunks": {
    "chunk-FTLIGD4X": {
      "file": "chunk-FTLIGD4X.js"
    },
    "chunk-6D7PUHMZ": {
      "file": "chunk-6D7PUHMZ.js"
    },
    "chunk-TO43FX7S": {
      "file": "chunk-TO43FX7S.js"
    },
    "chunk-CYIUJTKM": {
      "file": "chunk-CYIUJTKM.js"
    },
    "chunk-SLCSDGIC": {
      "file": "chunk-SLCSDGIC.js"
    }
  }
}